<?xml version="1.0" encoding="UTF-8"?>
<project-private xmlns="http://www.netbeans.org/ns/project-private/1">
    <editor-bookmarks xmlns="http://www.netbeans.org/ns/editor-bookmarks/2" lastBookmarkId="0"/>
    <open-files xmlns="http://www.netbeans.org/ns/projectui-open-files/2">
        <group>
            <file>file:/C:/Users/lucas/Desktop/web/web/index.html</file>
            <file>file:/C:/Users/lucas/Desktop/web/src/java/model/ProdutoDAO.java</file>
            <file>file:/C:/Users/lucas/Desktop/web/src/java/controller/Controle.java</file>
        </group>
    </open-files>
</project-private>
